name,title,level,facing,categories,description,detail,remediation,metadata,cache_key
function_search_path_mutable,Function Search Path Mutable,WARN,EXTERNAL,"[""SECURITY""]",Detects functions where the search_path parameter is not set.,Function \`public.update_updated_at\` has a role mutable search_path,https://supabase.com/docs/guides/database/database-linter?lint=0011_function_search_path_mutable,"{""name"":""update_updated_at"",""type"":""function"",""schema"":""public""}",function_search_path_mutable_public_update_updated_at_10ff09e0d1433006b865e7959e736c46
function_search_path_mutable,Function Search Path Mutable,WARN,EXTERNAL,"[""SECURITY""]",Detects functions where the search_path parameter is not set.,Function \`public.hustlr_zone_depth\` has a role mutable search_path,https://supabase.com/docs/guides/database/database-linter?lint=0011_function_search_path_mutable,"{""name"":""hustlr_zone_depth"",""type"":""function"",""schema"":""public""}",function_search_path_mutable_public_hustlr_zone_depth_3f157a8d47f40fe5e50709e0d42df2c9
function_search_path_mutable,Function Search Path Mutable,WARN,EXTERNAL,"[""SECURITY""]",Detects functions where the search_path parameter is not set.,Function \`public.generate_referral_code\` has a role mutable search_path,https://supabase.com/docs/guides/database/database-linter?lint=0011_function_search_path_mutable,"{""name"":""generate_referral_code"",""type"":""function"",""schema"":""public""}",function_search_path_mutable_public_generate_referral_code_e04bc2c33e71e67a43884817c6faf437
function_search_path_mutable,Function Search Path Mutable,WARN,EXTERNAL,"[""SECURITY""]",Detects functions where the search_path parameter is not set.,Function \`public.create_fraud_baseline\` has a role mutable search_path,https://supabase.com/docs/guides/database/database-linter?lint=0011_function_search_path_mutable,"{""name"":""create_fraud_baseline"",""type"":""function"",""schema"":""public""}",function_search_path_mutable_public_create_fraud_baseline_4f57379730baab1dac5f98b03884a4e8
function_search_path_mutable,Function Search Path Mutable,WARN,EXTERNAL,"[""SECURITY""]",Detects functions where the search_path parameter is not set.,Function \`public.sync_pool_on_claim_settle\` has a role mutable search_path,https://supabase.com/docs/guides/database/database-linter?lint=0011_function_search_path_mutable,"{""name"":""sync_pool_on_claim_settle"",""type"":""function"",""schema"":""public""}",function_search_path_mutable_public_sync_pool_on_claim_settle_f49402a711b1c8e8fedab4e12f6aabce
function_search_path_mutable,Function Search Path Mutable,WARN,EXTERNAL,"[""SECURITY""]",Detects functions where the search_path parameter is not set.,Function \`public.update_pool_on_claim_approved\` has a role mutable search_path,https://supabase.com/docs/guides/database/database-linter?lint=0011_function_search_path_mutable,"{""name"":""update_pool_on_claim_approved"",""type"":""function"",""schema"":""public""}",function_search_path_mutable_public_update_pool_on_claim_approved_8f8343d5dbb1d4fbcc0da602ed1c173e
function_search_path_mutable,Function Search Path Mutable,WARN,EXTERNAL,"[""SECURITY""]",Detects functions where the search_path parameter is not set.,Function \`public.close_open_gap\` has a role mutable search_path,https://supabase.com/docs/guides/database/database-linter?lint=0011_function_search_path_mutable,"{""name"":""close_open_gap"",""type"":""function"",""schema"":""public""}",function_search_path_mutable_public_close_open_gap_699890172500bad058eced0b2da78922
function_search_path_mutable,Function Search Path Mutable,WARN,EXTERNAL,"[""SECURITY""]",Detects functions where the search_path parameter is not set.,Function \`public.sync_pool_policy_count\` has a role mutable search_path,https://supabase.com/docs/guides/database/database-linter?lint=0011_function_search_path_mutable,"{""name"":""sync_pool_policy_count"",""type"":""function"",""schema"":""public""}",function_search_path_mutable_public_sync_pool_policy_count_dfa7d996440f2f1a993bf6480ab89b87
function_search_path_mutable,Function Search Path Mutable,WARN,EXTERNAL,"[""SECURITY""]",Detects functions where the search_path parameter is not set.,Function \`public.sync_risk_pool\` has a role mutable search_path,https://supabase.com/docs/guides/database/database-linter?lint=0011_function_search_path_mutable,"{""name"":""sync_risk_pool"",""type"":""function"",""schema"":""public""}",function_search_path_mutable_public_sync_risk_pool_917f5ebe5456cd09e8d1db7cd33c177a
function_search_path_mutable,Function Search Path Mutable,WARN,EXTERNAL,"[""SECURITY""]",Detects functions where the search_path parameter is not set.,Function \`public.update_pool_on_claim\` has a role mutable search_path,https://supabase.com/docs/guides/database/database-linter?lint=0011_function_search_path_mutable,"{""name"":""update_pool_on_claim"",""type"":""function"",""schema"":""public""}",function_search_path_mutable_public_update_pool_on_claim_aaa5fa60818894960e9c9d84b937ab22
function_search_path_mutable,Function Search Path Mutable,WARN,EXTERNAL,"[""SECURITY""]",Detects functions where the search_path parameter is not set.,Function \`public.auto_pause_stale_shifts\` has a role mutable search_path,https://supabase.com/docs/guides/database/database-linter?lint=0011_function_search_path_mutable,"{""name"":""auto_pause_stale_shifts"",""type"":""function"",""schema"":""public""}",function_search_path_mutable_public_auto_pause_stale_shifts_40f7428aabec558fde929cf8161a734c
function_search_path_mutable,Function Search Path Mutable,WARN,EXTERNAL,"[""SECURITY""]",Detects functions where the search_path parameter is not set.,Function \`public.compute_disruption_duration\` has a role mutable search_path,https://supabase.com/docs/guides/database/database-linter?lint=0011_function_search_path_mutable,"{""name"":""compute_disruption_duration"",""type"":""function"",""schema"":""public""}",function_search_path_mutable_public_compute_disruption_duration_88b03a2ede6a3bbaaed3b5ac4d700be5
extension_in_public,Extension in Public,WARN,EXTERNAL,"[""SECURITY""]",Detects extensions installed in the \`public\` schema.,Extension \`postgis\` is installed in the public schema. Move it to another schema.,https://supabase.com/docs/guides/database/database-linter?lint=0014_extension_in_public,"{""name"":""postgis"",""type"":""extension"",""schema"":""public""}",extension_in_public_postgis
rls_policy_always_true,RLS Policy Always True,WARN,EXTERNAL,"[""SECURITY""]","Detects RLS policies that use overly permissive expressions like \`USING (true)\` or \`WITH CHECK (true)\` for UPDATE, DELETE, or INSERT operations. SELECT policies with \`USING (true)\` are intentionally excluded as this pattern is often used deliberately for public read access.",Table `public.admin_actions` has an RLS policy `allow_all` for `ALL` that allows unrestricted access (both USING and WITH CHECK are always true). This effectively bypasses row-level security for -.,https://supabase.com/docs/guides/database/database-linter?lint=0024_permissive_rls_policy,"{""name"":""admin_actions"",""qual"":""true"",""type"":""table"",""roles"":[""-""],""schema"":""public"",""command"":""ALL"",""with_check"":null,""policy_name"":""allow_all"",""permissive_using"":true,""permissive_with_check"":true}",rls_policy_always_true_public_admin_actions_allow_all
rls_policy_always_true,RLS Policy Always True,WARN,EXTERNAL,"[""SECURITY""]","Detects RLS policies that use overly permissive expressions like \`USING (true)\` or \`WITH CHECK (true)\` for UPDATE, DELETE, or INSERT operations. SELECT policies with \`USING (true)\` are intentionally excluded as this pattern is often used deliberately for public read access.",Table `public.appeal_requests` has an RLS policy `allow_all` for `ALL` that allows unrestricted access (both USING and WITH CHECK are always true). This effectively bypasses row-level security for -.,https://supabase.com/docs/guides/database/database-linter?lint=0024_permissive_rls_policy,"{""name"":""appeal_requests"",""qual"":""true"",""type"":""table"",""roles"":[""-""],""schema"":""public"",""command"":""ALL"",""with_check"":null,""policy_name"":""allow_all"",""permissive_using"":true,""permissive_with_check"":true}",rls_policy_always_true_public_appeal_requests_allow_all
rls_policy_always_true,RLS Policy Always True,WARN,EXTERNAL,"[""SECURITY""]","Detects RLS policies that use overly permissive expressions like \`USING (true)\` or \`WITH CHECK (true)\` for UPDATE, DELETE, or INSERT operations. SELECT policies with \`USING (true)\` are intentionally excluded as this pattern is often used deliberately for public read access.",Table `public.circuit_breakers` has an RLS policy `allow_all` for `ALL` that allows unrestricted access (both USING and WITH CHECK are always true). This effectively bypasses row-level security for -.,https://supabase.com/docs/guides/database/database-linter?lint=0024_permissive_rls_policy,"{""name"":""circuit_breakers"",""qual"":""true"",""type"":""table"",""roles"":[""-""],""schema"":""public"",""command"":""ALL"",""with_check"":null,""policy_name"":""allow_all"",""permissive_using"":true,""permissive_with_check"":true}",rls_policy_always_true_public_circuit_breakers_allow_all
rls_policy_always_true,RLS Policy Always True,WARN,EXTERNAL,"[""SECURITY""]","Detects RLS policies that use overly permissive expressions like \`USING (true)\` or \`WITH CHECK (true)\` for UPDATE, DELETE, or INSERT operations. SELECT policies with \`USING (true)\` are intentionally excluded as this pattern is often used deliberately for public read access.",Table `public.claims` has an RLS policy `allow_all` for `ALL` that allows unrestricted access (both USING and WITH CHECK are always true). This effectively bypasses row-level security for -.,https://supabase.com/docs/guides/database/database-linter?lint=0024_permissive_rls_policy,"{""name"":""claims"",""qual"":""true"",""type"":""table"",""roles"":[""-""],""schema"":""public"",""command"":""ALL"",""with_check"":null,""policy_name"":""allow_all"",""permissive_using"":true,""permissive_with_check"":true}",rls_policy_always_true_public_claims_allow_all
rls_policy_always_true,RLS Policy Always True,WARN,EXTERNAL,"[""SECURITY""]","Detects RLS policies that use overly permissive expressions like \`USING (true)\` or \`WITH CHECK (true)\` for UPDATE, DELETE, or INSERT operations. SELECT policies with \`USING (true)\` are intentionally excluded as this pattern is often used deliberately for public read access.",Table `public.device_fingerprint_events` has an RLS policy `allow_all` for `ALL` that allows unrestricted access (both USING and WITH CHECK are always true). This effectively bypasses row-level security for -.,https://supabase.com/docs/guides/database/database-linter?lint=0024_permissive_rls_policy,"{""name"":""device_fingerprint_events"",""qual"":""true"",""type"":""table"",""roles"":[""-""],""schema"":""public"",""command"":""ALL"",""with_check"":null,""policy_name"":""allow_all"",""permissive_using"":true,""permissive_with_check"":true}",rls_policy_always_true_public_device_fingerprint_events_allow_all
rls_policy_always_true,RLS Policy Always True,WARN,EXTERNAL,"[""SECURITY""]","Detects RLS policies that use overly permissive expressions like \`USING (true)\` or \`WITH CHECK (true)\` for UPDATE, DELETE, or INSERT operations. SELECT policies with \`USING (true)\` are intentionally excluded as this pattern is often used deliberately for public read access.",Table `public.disruption_events` has an RLS policy `allow_all` for `ALL` that allows unrestricted access (both USING and WITH CHECK are always true). This effectively bypasses row-level security for -.,https://supabase.com/docs/guides/database/database-linter?lint=0024_permissive_rls_policy,"{""name"":""disruption_events"",""qual"":""true"",""type"":""table"",""roles"":[""-""],""schema"":""public"",""command"":""ALL"",""with_check"":null,""policy_name"":""allow_all"",""permissive_using"":true,""permissive_with_check"":true}",rls_policy_always_true_public_disruption_events_allow_all
rls_policy_always_true,RLS Policy Always True,WARN,EXTERNAL,"[""SECURITY""]","Detects RLS policies that use overly permissive expressions like \`USING (true)\` or \`WITH CHECK (true)\` for UPDATE, DELETE, or INSERT operations. SELECT policies with \`USING (true)\` are intentionally excluded as this pattern is often used deliberately for public read access.",Table `public.fraud_baselines` has an RLS policy `allow_all` for `ALL` that allows unrestricted access (both USING and WITH CHECK are always true). This effectively bypasses row-level security for -.,https://supabase.com/docs/guides/database/database-linter?lint=0024_permissive_rls_policy,"{""name"":""fraud_baselines"",""qual"":""true"",""type"":""table"",""roles"":[""-""],""schema"":""public"",""command"":""ALL"",""with_check"":null,""policy_name"":""allow_all"",""permissive_using"":true,""permissive_with_check"":true}",rls_policy_always_true_public_fraud_baselines_allow_all
rls_policy_always_true,RLS Policy Always True,WARN,EXTERNAL,"[""SECURITY""]","Detects RLS policies that use overly permissive expressions like \`USING (true)\` or \`WITH CHECK (true)\` for UPDATE, DELETE, or INSERT operations. SELECT policies with \`USING (true)\` are intentionally excluded as this pattern is often used deliberately for public read access.",Table `public.fraud_flags` has an RLS policy `allow_all` for `ALL` that allows unrestricted access (both USING and WITH CHECK are always true). This effectively bypasses row-level security for -.,https://supabase.com/docs/guides/database/database-linter?lint=0024_permissive_rls_policy,"{""name"":""fraud_flags"",""qual"":""true"",""type"":""table"",""roles"":[""-""],""schema"":""public"",""command"":""ALL"",""with_check"":null,""policy_name"":""allow_all"",""permissive_using"":true,""permissive_with_check"":true}",rls_policy_always_true_public_fraud_flags_allow_all
rls_policy_always_true,RLS Policy Always True,WARN,EXTERNAL,"[""SECURITY""]","Detects RLS policies that use overly permissive expressions like \`USING (true)\` or \`WITH CHECK (true)\` for UPDATE, DELETE, or INSERT operations. SELECT policies with \`USING (true)\` are intentionally excluded as this pattern is often used deliberately for public read access.",Table `public.notifications` has an RLS policy `allow_all` for `ALL` that allows unrestricted access (both USING and WITH CHECK are always true). This effectively bypasses row-level security for -.,https://supabase.com/docs/guides/database/database-linter?lint=0024_permissive_rls_policy,"{""name"":""notifications"",""qual"":""true"",""type"":""table"",""roles"":[""-""],""schema"":""public"",""command"":""ALL"",""with_check"":null,""policy_name"":""allow_all"",""permissive_using"":true,""permissive_with_check"":true}",rls_policy_always_true_public_notifications_allow_all
rls_policy_always_true,RLS Policy Always True,WARN,EXTERNAL,"[""SECURITY""]","Detects RLS policies that use overly permissive expressions like \`USING (true)\` or \`WITH CHECK (true)\` for UPDATE, DELETE, or INSERT operations. SELECT policies with \`USING (true)\` are intentionally excluded as this pattern is often used deliberately for public read access.",Table `public.pending_frs_adjustments` has an RLS policy `allow_all` for `ALL` that allows unrestricted access (both USING and WITH CHECK are always true). This effectively bypasses row-level security for -.,https://supabase.com/docs/guides/database/database-linter?lint=0024_permissive_rls_policy,"{""name"":""pending_frs_adjustments"",""qual"":""true"",""type"":""table"",""roles"":[""-""],""schema"":""public"",""command"":""ALL"",""with_check"":null,""policy_name"":""allow_all"",""permissive_using"":true,""permissive_with_check"":true}",rls_policy_always_true_public_pending_frs_adjustments_allow_all
rls_policy_always_true,RLS Policy Always True,WARN,EXTERNAL,"[""SECURITY""]","Detects RLS policies that use overly permissive expressions like \`USING (true)\` or \`WITH CHECK (true)\` for UPDATE, DELETE, or INSERT operations. SELECT policies with \`USING (true)\` are intentionally excluded as this pattern is often used deliberately for public read access.",Table `public.policies` has an RLS policy `allow_all` for `ALL` that allows unrestricted access (both USING and WITH CHECK are always true). This effectively bypasses row-level security for -.,https://supabase.com/docs/guides/database/database-linter?lint=0024_permissive_rls_policy,"{""name"":""policies"",""qual"":""true"",""type"":""table"",""roles"":[""-""],""schema"":""public"",""command"":""ALL"",""with_check"":null,""policy_name"":""allow_all"",""permissive_using"":true,""permissive_with_check"":true}",rls_policy_always_true_public_policies_allow_all
rls_policy_always_true,RLS Policy Always True,WARN,EXTERNAL,"[""SECURITY""]","Detects RLS policies that use overly permissive expressions like \`USING (true)\` or \`WITH CHECK (true)\` for UPDATE, DELETE, or INSERT operations. SELECT policies with \`USING (true)\` are intentionally excluded as this pattern is often used deliberately for public read access.",Table `public.pool_health` has an RLS policy `allow_all` for `ALL` that allows unrestricted access (both USING and WITH CHECK are always true). This effectively bypasses row-level security for -.,https://supabase.com/docs/guides/database/database-linter?lint=0024_permissive_rls_policy,"{""name"":""pool_health"",""qual"":""true"",""type"":""table"",""roles"":[""-""],""schema"":""public"",""command"":""ALL"",""with_check"":null,""policy_name"":""allow_all"",""permissive_using"":true,""permissive_with_check"":true}",rls_policy_always_true_public_pool_health_allow_all
rls_policy_always_true,RLS Policy Always True,WARN,EXTERNAL,"[""SECURITY""]","Detects RLS policies that use overly permissive expressions like \`USING (true)\` or \`WITH CHECK (true)\` for UPDATE, DELETE, or INSERT operations. SELECT policies with \`USING (true)\` are intentionally excluded as this pattern is often used deliberately for public read access.",Table `public.referrals` has an RLS policy `allow_all` for `ALL` that allows unrestricted access (both USING and WITH CHECK are always true). This effectively bypasses row-level security for -.,https://supabase.com/docs/guides/database/database-linter?lint=0024_permissive_rls_policy,"{""name"":""referrals"",""qual"":""true"",""type"":""table"",""roles"":[""-""],""schema"":""public"",""command"":""ALL"",""with_check"":null,""policy_name"":""allow_all"",""permissive_using"":true,""permissive_with_check"":true}",rls_policy_always_true_public_referrals_allow_all
rls_policy_always_true,RLS Policy Always True,WARN,EXTERNAL,"[""SECURITY""]","Detects RLS policies that use overly permissive expressions like \`USING (true)\` or \`WITH CHECK (true)\` for UPDATE, DELETE, or INSERT operations. SELECT policies with \`USING (true)\` are intentionally excluded as this pattern is often used deliberately for public read access.",Table `public.regional_intelligence_snapshots` has an RLS policy `allow_all` for `ALL` that allows unrestricted access (both USING and WITH CHECK are always true). This effectively bypasses row-level security for -.,https://supabase.com/docs/guides/database/database-linter?lint=0024_permissive_rls_policy,"{""name"":""regional_intelligence_snapshots"",""qual"":""true"",""type"":""table"",""roles"":[""-""],""schema"":""public"",""command"":""ALL"",""with_check"":null,""policy_name"":""allow_all"",""permissive_using"":true,""permissive_with_check"":true}",rls_policy_always_true_public_regional_intelligence_snapshots_allow_all
rls_policy_always_true,RLS Policy Always True,WARN,EXTERNAL,"[""SECURITY""]","Detects RLS policies that use overly permissive expressions like \`USING (true)\` or \`WITH CHECK (true)\` for UPDATE, DELETE, or INSERT operations. SELECT policies with \`USING (true)\` are intentionally excluded as this pattern is often used deliberately for public read access.",Table `public.reinsurance_triggers` has an RLS policy `allow_all` for `ALL` that allows unrestricted access (both USING and WITH CHECK are always true). This effectively bypasses row-level security for -.,https://supabase.com/docs/guides/database/database-linter?lint=0024_permissive_rls_policy,"{""name"":""reinsurance_triggers"",""qual"":""true"",""type"":""table"",""roles"":[""-""],""schema"":""public"",""command"":""ALL"",""with_check"":null,""policy_name"":""allow_all"",""permissive_using"":true,""permissive_with_check"":true}",rls_policy_always_true_public_reinsurance_triggers_allow_all
rls_policy_always_true,RLS Policy Always True,WARN,EXTERNAL,"[""SECURITY""]","Detects RLS policies that use overly permissive expressions like \`USING (true)\` or \`WITH CHECK (true)\` for UPDATE, DELETE, or INSERT operations. SELECT policies with \`USING (true)\` are intentionally excluded as this pattern is often used deliberately for public read access.",Table `public.risk_pools` has an RLS policy `allow_all` for `ALL` that allows unrestricted access (both USING and WITH CHECK are always true). This effectively bypasses row-level security for -.,https://supabase.com/docs/guides/database/database-linter?lint=0024_permissive_rls_policy,"{""name"":""risk_pools"",""qual"":""true"",""type"":""table"",""roles"":[""-""],""schema"":""public"",""command"":""ALL"",""with_check"":null,""policy_name"":""allow_all"",""permissive_using"":true,""permissive_with_check"":true}",rls_policy_always_true_public_risk_pools_allow_all
rls_policy_always_true,RLS Policy Always True,WARN,EXTERNAL,"[""SECURITY""]","Detects RLS policies that use overly permissive expressions like \`USING (true)\` or \`WITH CHECK (true)\` for UPDATE, DELETE, or INSERT operations. SELECT policies with \`USING (true)\` are intentionally excluded as this pattern is often used deliberately for public read access.",Table `public.shadow_policies` has an RLS policy `allow_all` for `ALL` that allows unrestricted access (both USING and WITH CHECK are always true). This effectively bypasses row-level security for -.,https://supabase.com/docs/guides/database/database-linter?lint=0024_permissive_rls_policy,"{""name"":""shadow_policies"",""qual"":""true"",""type"":""table"",""roles"":[""-""],""schema"":""public"",""command"":""ALL"",""with_check"":null,""policy_name"":""allow_all"",""permissive_using"":true,""permissive_with_check"":true}",rls_policy_always_true_public_shadow_policies_allow_all
rls_policy_always_true,RLS Policy Always True,WARN,EXTERNAL,"[""SECURITY""]","Detects RLS policies that use overly permissive expressions like \`USING (true)\` or \`WITH CHECK (true)\` for UPDATE, DELETE, or INSERT operations. SELECT policies with \`USING (true)\` are intentionally excluded as this pattern is often used deliberately for public read access.",Table `public.shift_gaps` has an RLS policy `allow_all` for `ALL` that allows unrestricted access (both USING and WITH CHECK are always true). This effectively bypasses row-level security for -.,https://supabase.com/docs/guides/database/database-linter?lint=0024_permissive_rls_policy,"{""name"":""shift_gaps"",""qual"":""true"",""type"":""table"",""roles"":[""-""],""schema"":""public"",""command"":""ALL"",""with_check"":null,""policy_name"":""allow_all"",""permissive_using"":true,""permissive_with_check"":true}",rls_policy_always_true_public_shift_gaps_allow_all
rls_policy_always_true,RLS Policy Always True,WARN,EXTERNAL,"[""SECURITY""]","Detects RLS policies that use overly permissive expressions like \`USING (true)\` or \`WITH CHECK (true)\` for UPDATE, DELETE, or INSERT operations. SELECT policies with \`USING (true)\` are intentionally excluded as this pattern is often used deliberately for public read access.",Table `public.shift_telemetry` has an RLS policy `allow_all` for `ALL` that allows unrestricted access (both USING and WITH CHECK are always true). This effectively bypasses row-level security for -.,https://supabase.com/docs/guides/database/database-linter?lint=0024_permissive_rls_policy,"{""name"":""shift_telemetry"",""qual"":""true"",""type"":""table"",""roles"":[""-""],""schema"":""public"",""command"":""ALL"",""with_check"":null,""policy_name"":""allow_all"",""permissive_using"":true,""permissive_with_check"":true}",rls_policy_always_true_public_shift_telemetry_allow_all
rls_policy_always_true,RLS Policy Always True,WARN,EXTERNAL,"[""SECURITY""]","Detects RLS policies that use overly permissive expressions like \`USING (true)\` or \`WITH CHECK (true)\` for UPDATE, DELETE, or INSERT operations. SELECT policies with \`USING (true)\` are intentionally excluded as this pattern is often used deliberately for public read access.",Table `public.trust_events` has an RLS policy `allow_all` for `ALL` that allows unrestricted access (both USING and WITH CHECK are always true). This effectively bypasses row-level security for -.,https://supabase.com/docs/guides/database/database-linter?lint=0024_permissive_rls_policy,"{""name"":""trust_events"",""qual"":""true"",""type"":""table"",""roles"":[""-""],""schema"":""public"",""command"":""ALL"",""with_check"":null,""policy_name"":""allow_all"",""permissive_using"":true,""permissive_with_check"":true}",rls_policy_always_true_public_trust_events_allow_all
rls_policy_always_true,RLS Policy Always True,WARN,EXTERNAL,"[""SECURITY""]","Detects RLS policies that use overly permissive expressions like \`USING (true)\` or \`WITH CHECK (true)\` for UPDATE, DELETE, or INSERT operations. SELECT policies with \`USING (true)\` are intentionally excluded as this pattern is often used deliberately for public read access.",Table `public.users` has an RLS policy `allow_all` for `ALL` that allows unrestricted access (both USING and WITH CHECK are always true). This effectively bypasses row-level security for -.,https://supabase.com/docs/guides/database/database-linter?lint=0024_permissive_rls_policy,"{""name"":""users"",""qual"":""true"",""type"":""table"",""roles"":[""-""],""schema"":""public"",""command"":""ALL"",""with_check"":null,""policy_name"":""allow_all"",""permissive_using"":true,""permissive_with_check"":true}",rls_policy_always_true_public_users_allow_all
rls_policy_always_true,RLS Policy Always True,WARN,EXTERNAL,"[""SECURITY""]","Detects RLS policies that use overly permissive expressions like \`USING (true)\` or \`WITH CHECK (true)\` for UPDATE, DELETE, or INSERT operations. SELECT policies with \`USING (true)\` are intentionally excluded as this pattern is often used deliberately for public read access.",Table `public.wallet_transactions` has an RLS policy `allow_all` for `ALL` that allows unrestricted access (both USING and WITH CHECK are always true). This effectively bypasses row-level security for -.,https://supabase.com/docs/guides/database/database-linter?lint=0024_permissive_rls_policy,"{""name"":""wallet_transactions"",""qual"":""true"",""type"":""table"",""roles"":[""-""],""schema"":""public"",""command"":""ALL"",""with_check"":null,""policy_name"":""allow_all"",""permissive_using"":true,""permissive_with_check"":true}",rls_policy_always_true_public_wallet_transactions_allow_all
rls_policy_always_true,RLS Policy Always True,WARN,EXTERNAL,"[""SECURITY""]","Detects RLS policies that use overly permissive expressions like \`USING (true)\` or \`WITH CHECK (true)\` for UPDATE, DELETE, or INSERT operations. SELECT policies with \`USING (true)\` are intentionally excluded as this pattern is often used deliberately for public read access.",Table `public.weekly_settlements` has an RLS policy `allow_all` for `ALL` that allows unrestricted access (both USING and WITH CHECK are always true). This effectively bypasses row-level security for -.,https://supabase.com/docs/guides/database/database-linter?lint=0024_permissive_rls_policy,"{""name"":""weekly_settlements"",""qual"":""true"",""type"":""table"",""roles"":[""-""],""schema"":""public"",""command"":""ALL"",""with_check"":null,""policy_name"":""allow_all"",""permissive_using"":true,""permissive_with_check"":true}",rls_policy_always_true_public_weekly_settlements_allow_all